{"mc":{
	"loading":{
		"frameRate":18,
		"labels":[
			{"name":"jump","frame":1,"end":43}
			
			],
		"events":[
			
			],
		"frames":[
			
			{
			"res":"62A6F34F",
			"x":22,
			"y":45
			},
			{
			"res":"CEDE48BE",
			"x":22,
			"y":45
			},
			{
			"res":"15EF17B9",
			"x":22,
			"y":45
			},
			{
			"res":"6DF10C8C",
			"x":22,
			"y":45
			},
			{
			"res":"8798FA69",
			"x":22,
			"y":45
			},
			{
			"res":"4735DB22",
			"x":22,
			"y":45
			},
			{
			"res":"6008EAA1",
			"x":22,
			"y":45
			},
			{
			"res":"FAAA2703",
			"x":122,
			"y":127
			},
			{
			"res":"AC5523CA",
			"x":22,
			"y":45
			},
			{
			"res":"A7F04586",
			"x":22,
			"y":45
			},
			{
			"res":"A1583444",
			"x":22,
			"y":45
			},
			{
			"res":"43CB3171",
			"x":22,
			"y":45
			},
			{
			"res":"B8556521",
			"x":22,
			"y":45
			},
			{
			"res":"70CE2BC1",
			"x":22,
			"y":45
			},
			{
			"res":"9BBCE1C5",
			"x":22,
			"y":45
			},
			{
			"res":"D8020748",
			"x":22,
			"y":45
			},
			{
			"res":"7ABDFA72",
			"x":22,
			"y":45
			},
			{
			"res":"37FFDD41",
			"x":22,
			"y":45
			},
			{
			"res":"259EFA33",
			"x":22,
			"y":45
			},
			{
			"res":"EC060B91",
			"x":22,
			"y":45
			},
			{
			"res":"D449386",
			"x":22,
			"y":45
			},
			{
			"res":"32A525AB",
			"x":22,
			"y":45
			},
			{
			"res":"EA6DC608",
			"x":22,
			"y":45
			},
			{
			"res":"2D033395",
			"x":22,
			"y":45
			},
			{
			"res":"522FDF8B",
			"x":22,
			"y":45
			},
			{
			"res":"AD2E703E",
			"x":22,
			"y":45
			},
			{
			"res":"3832BC3F",
			"x":22,
			"y":45
			},
			{
			"res":"FC7BF3A2",
			"x":22,
			"y":45
			},
			{
			"res":"FD19FFD1",
			"x":22,
			"y":45
			},
			{
			"res":"5ADC1B74",
			"x":122,
			"y":127
			},
			{
			"res":"541C0AD4",
			"x":22,
			"y":45
			},
			{
			"res":"B2BA614C",
			"x":22,
			"y":45
			},
			{
			"res":"5E6AB067",
			"x":22,
			"y":45
			},
			{
			"res":"C8C0A267",
			"x":22,
			"y":45
			},
			{
			"res":"44FE6B55",
			"x":22,
			"y":45
			},
			{
			"res":"684A13FD",
			"x":22,
			"y":45
			},
			{
			"res":"4AAB9C0D",
			"x":22,
			"y":45
			},
			{
			"res":"750F05E2",
			"x":22,
			"y":45
			},
			{
			"res":"3403A3EE",
			"x":22,
			"y":45
			},
			{
			"res":"ADFB74F2",
			"x":22,
			"y":45
			},
			{
			"res":"A8EC78E2",
			"x":22,
			"y":45
			},
			{
			"res":"355F66EF",
			"x":22,
			"y":45
			},
			{
			"res":"E40E04A8",
			"x":22,
			"y":45
			}
			]
}},
	"res":{
		"B8556521":{"x":0,"y":0,"w":261,"h":252},
		"32A525AB":{"x":263,"y":0,"w":261,"h":252},
		"FD19FFD1":{"x":526,"y":0,"w":261,"h":252},
		"A8EC78E2":{"x":789,"y":0,"w":261,"h":252},
		"D449386":{"x":1052,"y":0,"w":261,"h":252},
		"37FFDD41":{"x":1315,"y":0,"w":261,"h":252},
		"355F66EF":{"x":1578,"y":0,"w":261,"h":252},
		"43CB3171":{"x":0,"y":254,"w":261,"h":252},
		"6DF10C8C":{"x":263,"y":254,"w":261,"h":252},
		"FC7BF3A2":{"x":526,"y":254,"w":261,"h":252},
		"C8C0A267":{"x":789,"y":254,"w":261,"h":252},
		"A1583444":{"x":1052,"y":254,"w":261,"h":252},
		"8798FA69":{"x":1315,"y":254,"w":261,"h":252},
		"7ABDFA72":{"x":1578,"y":254,"w":261,"h":252},
		"3832BC3F":{"x":0,"y":508,"w":261,"h":252},
		"750F05E2":{"x":263,"y":508,"w":261,"h":252},
		"15EF17B9":{"x":526,"y":508,"w":261,"h":252},
		"ADFB74F2":{"x":789,"y":508,"w":261,"h":252},
		"2D033395":{"x":1052,"y":508,"w":261,"h":252},
		"684A13FD":{"x":1315,"y":508,"w":261,"h":252},
		"A7F04586":{"x":1578,"y":508,"w":261,"h":252},
		"B2BA614C":{"x":0,"y":762,"w":261,"h":252},
		"4AAB9C0D":{"x":263,"y":762,"w":261,"h":252},
		"CEDE48BE":{"x":526,"y":762,"w":261,"h":252},
		"AC5523CA":{"x":789,"y":762,"w":261,"h":252},
		"D8020748":{"x":1052,"y":762,"w":261,"h":252},
		"5ADC1B74":{"x":1841,"y":0,"w":86,"h":70},
		"3403A3EE":{"x":1315,"y":762,"w":261,"h":252},
		"FAAA2703":{"x":1929,"y":0,"w":86,"h":70},
		"62A6F34F":{"x":1578,"y":762,"w":261,"h":252},
		"9BBCE1C5":{"x":0,"y":1016,"w":261,"h":252},
		"E40E04A8":{"x":263,"y":1016,"w":261,"h":252},
		"6008EAA1":{"x":526,"y":1016,"w":261,"h":252},
		"5E6AB067":{"x":789,"y":1016,"w":261,"h":252},
		"EA6DC608":{"x":1052,"y":1016,"w":261,"h":252},
		"541C0AD4":{"x":1315,"y":1016,"w":261,"h":252},
		"AD2E703E":{"x":1578,"y":1016,"w":261,"h":252},
		"44FE6B55":{"x":0,"y":1270,"w":261,"h":252},
		"4735DB22":{"x":263,"y":1270,"w":261,"h":252},
		"70CE2BC1":{"x":526,"y":1270,"w":261,"h":252},
		"EC060B91":{"x":789,"y":1270,"w":261,"h":252},
		"259EFA33":{"x":1052,"y":1270,"w":261,"h":252},
		"522FDF8B":{"x":1315,"y":1270,"w":261,"h":252}
	}}