<?xml version="1.0" encoding="UTF-8"?><font><info face="Fipps-Regular" size="72" bold="0" italic="0" charset="" unicode="1" stretchH="100" smooth="1" aa="1" padding="1,1,1,1" spacing="1,1"/><common lineHeight="72" base="126" scaleW="722" scaleH="92" pages="1" packed="0"/><pages><page id="0" file="dmgText.png"/></pages><chars count="11"><char id="32" x="0" y="0" width="0" height="0" xoffset="0" yoffset="0" xadvance="37" page="0" chnl="15"/><char id="48" x="0" y="0" width="74" height="92" xoffset="-1" yoffset="35" xadvance="73" page="0" chnl="15"/><char id="49" x="75" y="0" width="47" height="92" xoffset="-1" yoffset="35" xadvance="46" page="0" chnl="15"/><char id="50" x="123" y="0" width="74" height="92" xoffset="-1" yoffset="35" xadvance="73" page="0" chnl="15"/><char id="51" x="198" y="0" width="74" height="92" xoffset="-1" yoffset="35" xadvance="73" page="0" chnl="15"/><char id="52" x="273" y="0" width="74" height="92" xoffset="-1" yoffset="35" xadvance="73" page="0" chnl="15"/><char id="53" x="348" y="0" width="74" height="92" xoffset="-1" yoffset="35" xadvance="73" page="0" chnl="15"/><char id="54" x="423" y="0" width="74" height="92" xoffset="-1" yoffset="35" xadvance="73" page="0" chnl="15"/><char id="55" x="498" y="0" width="74" height="92" xoffset="-10" yoffset="35" xadvance="64" page="0" chnl="15"/><char id="56" x="573" y="0" width="74" height="92" xoffset="-1" yoffset="35" xadvance="73" page="0" chnl="15"/><char id="57" x="648" y="0" width="74" height="92" xoffset="-1" yoffset="35" xadvance="73" page="0" chnl="15"/></chars></font>