{
	"groups": [
		{
			"keys": "mfccc_empty_card_png,mfccc_bg_mask_png,mfccc_card1_png,mfccc_card3_png,mfccc_card2_png,mfccc_card4_png,mfccc_card5_png,mfccc_card6_png,mfccc_card7_png,mfccc_card8_png,magicguess.config_json,backgrond1_png,common_tip_png,jdt1_png,jdt2_png,ss_default_png,top_di_png,top_douzi_png,top_fenge_png,ty_cuowu_png,yblx_fh_png,ty_duigou_png,jp_sz1_png,jp_sz2_png,jp_sz3_png,ingameclick_mp3,openwindow_mp3,keynumber_mp3,closebutton_mp3,right_mp3,wrong_mp3,timer_mp3,willend_mp3,result_mp3,bg_mp3,clickbutton_mp3,bgm_mp3,clickarena_mp3,js_btn_jxyx_png,js_hengfu_png,js_bt0_png,s_icon_mfcc_png,nli_xx_quan_png,magicguess.level_json,ty_btn_lan_png,mfccc_card9_png,mfccc_card10_png,mfccc_card11_png,mfccc_card12_png,mfccc_card13_png,mfccc_card14_png,mfccc_card15_png",
			"name": "preload"
		},
		{
			"keys": "naoli_dihui_png,naoli_guang_png,shanpan_qietu_png",
			"name": "loading"
		}
	],
	"resources": [
		{
			"url": "assets/loading/naoli_dihui.png",
			"type": "image",
			"name": "naoli_dihui_png"
		},
		{
			"url": "assets/loading/naoli_guang.png",
			"type": "image",
			"name": "naoli_guang_png"
		},
		{
			"url": "assets/loading/shanpan_qietu.png",
			"type": "image",
			"name": "shanpan_qietu_png"
		},
		{
			"url": "assets/game/mfccc_empty_card.png",
			"type": "image",
			"name": "mfccc_empty_card_png"
		},
		{
			"url": "assets/game/mfccc_bg_mask.png",
			"type": "image",
			"name": "mfccc_bg_mask_png"
		},
		{
			"url": "assets/game/mfccc_card1.png",
			"type": "image",
			"name": "mfccc_card1_png"
		},
		{
			"url": "assets/game/mfccc_card3.png",
			"type": "image",
			"name": "mfccc_card3_png"
		},
		{
			"url": "assets/game/mfccc_card2.png",
			"type": "image",
			"name": "mfccc_card2_png"
		},
		{
			"url": "assets/game/mfccc_card4.png",
			"type": "image",
			"name": "mfccc_card4_png"
		},
		{
			"url": "assets/game/mfccc_card5.png",
			"type": "image",
			"name": "mfccc_card5_png"
		},
		{
			"url": "assets/game/mfccc_card6.png",
			"type": "image",
			"name": "mfccc_card6_png"
		},
		{
			"url": "assets/game/mfccc_card7.png",
			"type": "image",
			"name": "mfccc_card7_png"
		},
		{
			"url": "assets/game/mfccc_card8.png",
			"type": "image",
			"name": "mfccc_card8_png"
		},
		{
			"url": "config/magicguess.config.json",
			"type": "json",
			"name": "magicguess.config_json"
		},
		{
			"url": "assets/common/backgrond1.png",
			"type": "image",
			"name": "backgrond1_png"
		},
		{
			"url": "assets/common/common_tip.png",
			"type": "image",
			"name": "common_tip_png"
		},
		{
			"url": "assets/common/jdt1.png",
			"type": "image",
			"name": "jdt1_png"
		},
		{
			"url": "assets/common/jdt2.png",
			"type": "image",
			"name": "jdt2_png"
		},
		{
			"url": "assets/common/ss_default.png",
			"type": "image",
			"name": "ss_default_png"
		},
		{
			"url": "assets/common/top_di.png",
			"type": "image",
			"name": "top_di_png"
		},
		{
			"url": "assets/common/top_douzi.png",
			"type": "image",
			"name": "top_douzi_png"
		},
		{
			"url": "assets/common/top_fenge.png",
			"type": "image",
			"name": "top_fenge_png"
		},
		{
			"url": "assets/common/ty_cuowu.png",
			"type": "image",
			"name": "ty_cuowu_png"
		},
		{
			"url": "assets/common/yblx_fh.png",
			"type": "image",
			"name": "yblx_fh_png"
		},
		{
			"url": "assets/common/ty_duigou.png",
			"type": "image",
			"name": "ty_duigou_png"
		},
		{
			"url": "assets/common/jp_sz1.png",
			"type": "image",
			"name": "jp_sz1_png"
		},
		{
			"url": "assets/common/jp_sz2.png",
			"type": "image",
			"name": "jp_sz2_png"
		},
		{
			"url": "assets/common/jp_sz3.png",
			"type": "image",
			"name": "jp_sz3_png"
		},
		{
			"url": "assets/sound/ingameclick.mp3",
			"type": "sound",
			"name": "ingameclick_mp3"
		},
		{
			"url": "assets/sound/openwindow.mp3",
			"type": "sound",
			"name": "openwindow_mp3"
		},
		{
			"url": "assets/sound/keynumber.mp3",
			"type": "sound",
			"name": "keynumber_mp3"
		},
		{
			"url": "assets/sound/closebutton.mp3",
			"type": "sound",
			"name": "closebutton_mp3"
		},
		{
			"url": "assets/sound/right.mp3",
			"type": "sound",
			"name": "right_mp3"
		},
		{
			"url": "assets/sound/wrong.mp3",
			"type": "sound",
			"name": "wrong_mp3"
		},
		{
			"url": "assets/sound/timer.mp3",
			"type": "sound",
			"name": "timer_mp3"
		},
		{
			"url": "assets/sound/willend.mp3",
			"type": "sound",
			"name": "willend_mp3"
		},
		{
			"url": "assets/sound/result.mp3",
			"type": "sound",
			"name": "result_mp3"
		},
		{
			"url": "assets/sound/bg.mp3",
			"type": "sound",
			"name": "bg_mp3"
		},
		{
			"url": "assets/sound/clickbutton.mp3",
			"type": "sound",
			"name": "clickbutton_mp3"
		},
		{
			"url": "assets/sound/bgm.mp3",
			"type": "sound",
			"name": "bgm_mp3"
		},
		{
			"url": "assets/sound/clickarena.mp3",
			"type": "sound",
			"name": "clickarena_mp3"
		},
		{
			"url": "assets/common/js_btn_jxyx.png",
			"type": "image",
			"name": "js_btn_jxyx_png"
		},
		{
			"url": "assets/common/js_hengfu.png",
			"type": "image",
			"name": "js_hengfu_png"
		},
		{
			"url": "assets/common/js_bt0.png",
			"type": "image",
			"name": "js_bt0_png"
		},
		{
			"url": "assets/common/s_icon_mfcc.png",
			"type": "image",
			"name": "s_icon_mfcc_png"
		},
		{
			"url": "assets/common/nli_xx_quan.png",
			"type": "image",
			"name": "nli_xx_quan_png"
		},
		{
			"url": "config/magicguess.level.json",
			"type": "json",
			"name": "magicguess.level_json"
		},
		{
			"url": "assets/ty_btn_lan.png",
			"type": "image",
			"name": "ty_btn_lan_png"
		},
		{
			"url": "assets/game/mfccc_card9.png",
			"type": "image",
			"name": "mfccc_card9_png"
		},
		{
			"url": "assets/game/mfccc_card10.png",
			"type": "image",
			"name": "mfccc_card10_png"
		},
		{
			"url": "assets/game/mfccc_card11.png",
			"type": "image",
			"name": "mfccc_card11_png"
		},
		{
			"url": "assets/game/mfccc_card12.png",
			"type": "image",
			"name": "mfccc_card12_png"
		},
		{
			"url": "assets/game/mfccc_card13.png",
			"type": "image",
			"name": "mfccc_card13_png"
		},
		{
			"url": "assets/game/mfccc_card14.png",
			"type": "image",
			"name": "mfccc_card14_png"
		},
		{
			"url": "assets/game/mfccc_card15.png",
			"type": "image",
			"name": "mfccc_card15_png"
		}
	]
}