{
	"groups": [
		{
			"keys": "backgrond1_png,btn_fou_png,btn_sshi_png,common_tip_png,jdt1_png,jdt2_png,ss_default_png,top_di_png,top_douzi_png,top_fenge_png,ty_cuowu_png,yblx_fh_png,ty_duigou_png,jp_sz1_png,jp_sz2_png,jp_sz3_png,ingameclick_mp3,openwindow_mp3,keynumber_mp3,closebutton_mp3,right_mp3,wrong_mp3,timer_mp3,willend_mp3,result_mp3,bg_mp3,clickbutton_mp3,bgm_mp3,clickarena_mp3,js_btn_jxyx_png,js_hengfu_png,js_bt0_png,nli_xx_quan_png,ty_btn_lan_png,s_icon_gqdjy_png,gqji_g8_02_png,gqji_g8_01_png,gqji_g7_06_png,gqji_g7_07_png,gqji_g8_03_png,gqji_g8_04_png,gqji_g8_05_png,gqji_g8_07_png,gqji_g8_08_png,gqji_g8_06_png,gqjy_bghuip_png,gqjy_btn1_png,gqjy_btn2_png,gqjy_bgs_png,gqjy_btnliang_png,gqji_g1_01_png,gqji_g1_04_png,gqji_g1_02_png,gqji_g1_05_png,gqji_g1_03_png,gqji_g1_06_png,gqji_g1_07_png,gqji_g2_01_png,gqji_g2_02_png,gqji_g2_03_png,gqji_g2_04_png,gqji_g2_05_png,gqji_g2_06_png,gqji_g2_07_png,gqji_g2_08_png,gqji_g3_01_png,gqji_g3_02_png,gqji_g3_03_png,gqji_g3_04_png,gqji_g3_05_png,gqji_g3_06_png,gqji_g3_07_png,gqji_g4_01_png,gqji_g4_02_png,gqji_g4_03_png,gqji_g4_04_png,gqji_g4_06_png,gqji_g4_05_png,gqji_g4_07_png,gqji_g5_01_png,gqji_g5_02_png,gqji_g5_03_png,gqji_g5_04_png,gqji_g5_05_png,gqji_g5_06_png,gqji_g5_07_png,gqji_g6_01_png,gqji_g6_02_png,gqji_g6_03_png,gqji_g6_04_png,gqji_g6_05_png,gqji_g6_06_png,gqji_g6_07_png,gqji_g7_01_png,gqji_g7_02_png,gqji_g7_03_png,gqji_g7_04_png,gqji_g7_05_png,memoriesofpast.config_json,memoriesofpast.level_json,jp_yuan_png,yx_yxjc_png,js_next_png,newbieguide_json,gqji_g7_08_png,gqji_g7_09_png,gqji_g7_10_png,gqji_g7_11_png,gqji_g7_12_png,gqji_g7_14_png,gqji_g7_13_png,gqji_g7_15_png,gqji_g7_16_png,gqji_g7_17_png,gqji_g7_18_png,gqji_g7_19_png,gqji_g7_20_png,gqji_g7_22_png,gqji_g7_23_png,gqji_g7_21_png,gqji_g7_24_png,gqji_g7_25_png,gqji_g7_26_png,gqji_g7_28_png,gqji_g7_27_png,gqji_g7_29_png,gqji_g7_31_png,gqji_g7_30_png,gqji_g7_32_png,gqji_g7_33_png,gqji_g7_34_png,gqji_g7_35_png,gqji_g7_36_png,gqji_g7_37_png,gqji_g7_38_png,gqji_g7_39_png,gqji_g7_40_png,gqji_g7_41_png,gqji_g7_42_png,gqji_g7_43_png,gqji_g7_45_png,gqji_g7_44_png",
			"name": "preload"
		},
		{
			"keys": "naoli_dihui_png,naoli_guang_png,shanpan_qietu_png,loading_png,loading_json",
			"name": "loading"
		},
		{
			"keys": "gqdjy_guide_3_png,gqdjy_guide_1_png,gqdjy_guide_2_png,nl_bjtu-sy_png",
			"name": "guide"
		}
	],
	"resources": [
		{
			"url": "assets/loading/naoli_dihui.png",
			"type": "image",
			"name": "naoli_dihui_png"
		},
		{
			"url": "assets/loading/naoli_guang.png",
			"type": "image",
			"name": "naoli_guang_png"
		},
		{
			"url": "assets/loading/shanpan_qietu.png",
			"type": "image",
			"name": "shanpan_qietu_png"
		},
		{
			"url": "assets/common/backgrond1.png",
			"type": "image",
			"name": "backgrond1_png"
		},
		{
			"url": "assets/common/btn_fou.png",
			"type": "image",
			"name": "btn_fou_png"
		},
		{
			"url": "assets/common/btn_sshi.png",
			"type": "image",
			"name": "btn_sshi_png"
		},
		{
			"url": "assets/common/common_tip.png",
			"type": "image",
			"name": "common_tip_png"
		},
		{
			"url": "assets/common/jdt1.png",
			"type": "image",
			"name": "jdt1_png"
		},
		{
			"url": "assets/common/jdt2.png",
			"type": "image",
			"name": "jdt2_png"
		},
		{
			"url": "assets/common/ss_default.png",
			"type": "image",
			"name": "ss_default_png"
		},
		{
			"url": "assets/common/top_di.png",
			"type": "image",
			"name": "top_di_png"
		},
		{
			"url": "assets/common/top_douzi.png",
			"type": "image",
			"name": "top_douzi_png"
		},
		{
			"url": "assets/common/top_fenge.png",
			"type": "image",
			"name": "top_fenge_png"
		},
		{
			"url": "assets/common/ty_cuowu.png",
			"type": "image",
			"name": "ty_cuowu_png"
		},
		{
			"url": "assets/common/yblx_fh.png",
			"type": "image",
			"name": "yblx_fh_png"
		},
		{
			"url": "assets/common/ty_duigou.png",
			"type": "image",
			"name": "ty_duigou_png"
		},
		{
			"url": "assets/common/jp_sz1.png",
			"type": "image",
			"name": "jp_sz1_png"
		},
		{
			"url": "assets/common/jp_sz2.png",
			"type": "image",
			"name": "jp_sz2_png"
		},
		{
			"url": "assets/common/jp_sz3.png",
			"type": "image",
			"name": "jp_sz3_png"
		},
		{
			"url": "assets/sound/ingameclick.mp3",
			"type": "sound",
			"name": "ingameclick_mp3"
		},
		{
			"url": "assets/sound/openwindow.mp3",
			"type": "sound",
			"name": "openwindow_mp3"
		},
		{
			"url": "assets/sound/keynumber.mp3",
			"type": "sound",
			"name": "keynumber_mp3"
		},
		{
			"url": "assets/sound/closebutton.mp3",
			"type": "sound",
			"name": "closebutton_mp3"
		},
		{
			"url": "assets/sound/right.mp3",
			"type": "sound",
			"name": "right_mp3"
		},
		{
			"url": "assets/sound/wrong.mp3",
			"type": "sound",
			"name": "wrong_mp3"
		},
		{
			"url": "assets/sound/timer.mp3",
			"type": "sound",
			"name": "timer_mp3"
		},
		{
			"url": "assets/sound/willend.mp3",
			"type": "sound",
			"name": "willend_mp3"
		},
		{
			"url": "assets/sound/result.mp3",
			"type": "sound",
			"name": "result_mp3"
		},
		{
			"url": "assets/sound/bg.mp3",
			"type": "sound",
			"name": "bg_mp3"
		},
		{
			"url": "assets/sound/clickbutton.mp3",
			"type": "sound",
			"name": "clickbutton_mp3"
		},
		{
			"url": "assets/sound/bgm.mp3",
			"type": "sound",
			"name": "bgm_mp3"
		},
		{
			"url": "assets/sound/clickarena.mp3",
			"type": "sound",
			"name": "clickarena_mp3"
		},
		{
			"url": "assets/common/js_btn_jxyx.png",
			"type": "image",
			"name": "js_btn_jxyx_png"
		},
		{
			"url": "assets/common/js_hengfu.png",
			"type": "image",
			"name": "js_hengfu_png"
		},
		{
			"url": "assets/common/js_bt0.png",
			"type": "image",
			"name": "js_bt0_png"
		},
		{
			"url": "assets/common/nli_xx_quan.png",
			"type": "image",
			"name": "nli_xx_quan_png"
		},
		{
			"url": "assets/ty_btn_lan.png",
			"type": "image",
			"name": "ty_btn_lan_png"
		},
		{
			"url": "assets/common/s_icon_gqdjy.png",
			"type": "image",
			"name": "s_icon_gqdjy_png"
		},
		{
			"url": "assets/game/gqji_g8_02.png",
			"type": "image",
			"name": "gqji_g8_02_png"
		},
		{
			"url": "assets/game/gqji_g8_01.png",
			"type": "image",
			"name": "gqji_g8_01_png"
		},
		{
			"url": "assets/game/gqji_g7_06.png",
			"type": "image",
			"name": "gqji_g7_06_png"
		},
		{
			"url": "assets/game/gqji_g7_07.png",
			"type": "image",
			"name": "gqji_g7_07_png"
		},
		{
			"url": "assets/game/gqji_g8_03.png",
			"type": "image",
			"name": "gqji_g8_03_png"
		},
		{
			"url": "assets/game/gqji_g8_04.png",
			"type": "image",
			"name": "gqji_g8_04_png"
		},
		{
			"url": "assets/game/gqji_g8_05.png",
			"type": "image",
			"name": "gqji_g8_05_png"
		},
		{
			"url": "assets/game/gqji_g8_07.png",
			"type": "image",
			"name": "gqji_g8_07_png"
		},
		{
			"url": "assets/game/gqji_g8_08.png",
			"type": "image",
			"name": "gqji_g8_08_png"
		},
		{
			"url": "assets/game/gqji_g8_06.png",
			"type": "image",
			"name": "gqji_g8_06_png"
		},
		{
			"url": "assets/game/gqjy_bghuip.png",
			"type": "image",
			"name": "gqjy_bghuip_png"
		},
		{
			"url": "assets/game/gqjy_btn1.png",
			"type": "image",
			"name": "gqjy_btn1_png"
		},
		{
			"url": "assets/game/gqjy_btn2.png",
			"type": "image",
			"name": "gqjy_btn2_png"
		},
		{
			"url": "assets/game/gqjy_bgs.png",
			"type": "image",
			"name": "gqjy_bgs_png"
		},
		{
			"url": "assets/game/gqjy_btnliang.png",
			"type": "image",
			"name": "gqjy_btnliang_png"
		},
		{
			"url": "assets/game/gqji_g1_01.png",
			"type": "image",
			"name": "gqji_g1_01_png"
		},
		{
			"url": "assets/game/gqji_g1_04.png",
			"type": "image",
			"name": "gqji_g1_04_png"
		},
		{
			"url": "assets/game/gqji_g1_02.png",
			"type": "image",
			"name": "gqji_g1_02_png"
		},
		{
			"url": "assets/game/gqji_g1_05.png",
			"type": "image",
			"name": "gqji_g1_05_png"
		},
		{
			"url": "assets/game/gqji_g1_03.png",
			"type": "image",
			"name": "gqji_g1_03_png"
		},
		{
			"url": "assets/game/gqji_g1_06.png",
			"type": "image",
			"name": "gqji_g1_06_png"
		},
		{
			"url": "assets/game/gqji_g1_07.png",
			"type": "image",
			"name": "gqji_g1_07_png"
		},
		{
			"url": "assets/game/gqji_g2_01.png",
			"type": "image",
			"name": "gqji_g2_01_png"
		},
		{
			"url": "assets/game/gqji_g2_02.png",
			"type": "image",
			"name": "gqji_g2_02_png"
		},
		{
			"url": "assets/game/gqji_g2_03.png",
			"type": "image",
			"name": "gqji_g2_03_png"
		},
		{
			"url": "assets/game/gqji_g2_04.png",
			"type": "image",
			"name": "gqji_g2_04_png"
		},
		{
			"url": "assets/game/gqji_g2_05.png",
			"type": "image",
			"name": "gqji_g2_05_png"
		},
		{
			"url": "assets/game/gqji_g2_06.png",
			"type": "image",
			"name": "gqji_g2_06_png"
		},
		{
			"url": "assets/game/gqji_g2_07.png",
			"type": "image",
			"name": "gqji_g2_07_png"
		},
		{
			"url": "assets/game/gqji_g2_08.png",
			"type": "image",
			"name": "gqji_g2_08_png"
		},
		{
			"url": "assets/game/gqji_g3_01.png",
			"type": "image",
			"name": "gqji_g3_01_png"
		},
		{
			"url": "assets/game/gqji_g3_02.png",
			"type": "image",
			"name": "gqji_g3_02_png"
		},
		{
			"url": "assets/game/gqji_g3_03.png",
			"type": "image",
			"name": "gqji_g3_03_png"
		},
		{
			"url": "assets/game/gqji_g3_04.png",
			"type": "image",
			"name": "gqji_g3_04_png"
		},
		{
			"url": "assets/game/gqji_g3_05.png",
			"type": "image",
			"name": "gqji_g3_05_png"
		},
		{
			"url": "assets/game/gqji_g3_06.png",
			"type": "image",
			"name": "gqji_g3_06_png"
		},
		{
			"url": "assets/game/gqji_g3_07.png",
			"type": "image",
			"name": "gqji_g3_07_png"
		},
		{
			"url": "assets/game/gqji_g4_01.png",
			"type": "image",
			"name": "gqji_g4_01_png"
		},
		{
			"url": "assets/game/gqji_g4_02.png",
			"type": "image",
			"name": "gqji_g4_02_png"
		},
		{
			"url": "assets/game/gqji_g4_03.png",
			"type": "image",
			"name": "gqji_g4_03_png"
		},
		{
			"url": "assets/game/gqji_g4_04.png",
			"type": "image",
			"name": "gqji_g4_04_png"
		},
		{
			"url": "assets/game/gqji_g4_06.png",
			"type": "image",
			"name": "gqji_g4_06_png"
		},
		{
			"url": "assets/game/gqji_g4_05.png",
			"type": "image",
			"name": "gqji_g4_05_png"
		},
		{
			"url": "assets/game/gqji_g4_07.png",
			"type": "image",
			"name": "gqji_g4_07_png"
		},
		{
			"url": "assets/game/gqji_g5_01.png",
			"type": "image",
			"name": "gqji_g5_01_png"
		},
		{
			"url": "assets/game/gqji_g5_02.png",
			"type": "image",
			"name": "gqji_g5_02_png"
		},
		{
			"url": "assets/game/gqji_g5_03.png",
			"type": "image",
			"name": "gqji_g5_03_png"
		},
		{
			"url": "assets/game/gqji_g5_04.png",
			"type": "image",
			"name": "gqji_g5_04_png"
		},
		{
			"url": "assets/game/gqji_g5_05.png",
			"type": "image",
			"name": "gqji_g5_05_png"
		},
		{
			"url": "assets/game/gqji_g5_06.png",
			"type": "image",
			"name": "gqji_g5_06_png"
		},
		{
			"url": "assets/game/gqji_g5_07.png",
			"type": "image",
			"name": "gqji_g5_07_png"
		},
		{
			"url": "assets/game/gqji_g6_01.png",
			"type": "image",
			"name": "gqji_g6_01_png"
		},
		{
			"url": "assets/game/gqji_g6_02.png",
			"type": "image",
			"name": "gqji_g6_02_png"
		},
		{
			"url": "assets/game/gqji_g6_03.png",
			"type": "image",
			"name": "gqji_g6_03_png"
		},
		{
			"url": "assets/game/gqji_g6_04.png",
			"type": "image",
			"name": "gqji_g6_04_png"
		},
		{
			"url": "assets/game/gqji_g6_05.png",
			"type": "image",
			"name": "gqji_g6_05_png"
		},
		{
			"url": "assets/game/gqji_g6_06.png",
			"type": "image",
			"name": "gqji_g6_06_png"
		},
		{
			"url": "assets/game/gqji_g6_07.png",
			"type": "image",
			"name": "gqji_g6_07_png"
		},
		{
			"url": "assets/game/gqji_g7_01.png",
			"type": "image",
			"name": "gqji_g7_01_png"
		},
		{
			"url": "assets/game/gqji_g7_02.png",
			"type": "image",
			"name": "gqji_g7_02_png"
		},
		{
			"url": "assets/game/gqji_g7_03.png",
			"type": "image",
			"name": "gqji_g7_03_png"
		},
		{
			"url": "assets/game/gqji_g7_04.png",
			"type": "image",
			"name": "gqji_g7_04_png"
		},
		{
			"url": "assets/game/gqji_g7_05.png",
			"type": "image",
			"name": "gqji_g7_05_png"
		},
		{
			"url": "config/memoriesofpast.config.json",
			"type": "json",
			"name": "memoriesofpast.config_json"
		},
		{
			"url": "config/memoriesofpast.level.json",
			"type": "json",
			"name": "memoriesofpast.level_json"
		},
		{
			"url": "assets/common/jp_yuan.png",
			"type": "image",
			"name": "jp_yuan_png"
		},
		{
			"url": "assets/common/yx_yxjc.png",
			"type": "image",
			"name": "yx_yxjc_png"
		},
		{
			"url": "assets/common/js_next.png",
			"type": "image",
			"name": "js_next_png"
		},
		{
			"url": "config/newbieguide.json",
			"type": "json",
			"name": "newbieguide_json"
		},
		{
			"url": "assets/guide/gqdjy_guide_3.png",
			"type": "image",
			"name": "gqdjy_guide_3_png"
		},
		{
			"url": "assets/guide/gqdjy_guide_1.png",
			"type": "image",
			"name": "gqdjy_guide_1_png"
		},
		{
			"url": "assets/guide/gqdjy_guide_2.png",
			"type": "image",
			"name": "gqdjy_guide_2_png"
		},
		{
			"url": "assets/common/nl_bjtu-sy.png",
			"type": "image",
			"name": "nl_bjtu-sy_png"
		},
		{
			"url": "assets/loading/loading.png",
			"type": "image",
			"name": "loading_png"
		},
		{
			"url": "assets/loading/loading.json",
			"type": "json",
			"name": "loading_json"
		},
		{
			"url": "assets/game/gqji_g7_08.png",
			"type": "image",
			"name": "gqji_g7_08_png"
		},
		{
			"url": "assets/game/gqji_g7_09.png",
			"type": "image",
			"name": "gqji_g7_09_png"
		},
		{
			"url": "assets/game/gqji_g7_10.png",
			"type": "image",
			"name": "gqji_g7_10_png"
		},
		{
			"url": "assets/game/gqji_g7_11.png",
			"type": "image",
			"name": "gqji_g7_11_png"
		},
		{
			"url": "assets/game/gqji_g7_12.png",
			"type": "image",
			"name": "gqji_g7_12_png"
		},
		{
			"url": "assets/game/gqji_g7_14.png",
			"type": "image",
			"name": "gqji_g7_14_png"
		},
		{
			"url": "assets/game/gqji_g7_13.png",
			"type": "image",
			"name": "gqji_g7_13_png"
		},
		{
			"url": "assets/game/gqji_g7_15.png",
			"type": "image",
			"name": "gqji_g7_15_png"
		},
		{
			"url": "assets/game/gqji_g7_16.png",
			"type": "image",
			"name": "gqji_g7_16_png"
		},
		{
			"url": "assets/game/gqji_g7_17.png",
			"type": "image",
			"name": "gqji_g7_17_png"
		},
		{
			"url": "assets/game/gqji_g7_18.png",
			"type": "image",
			"name": "gqji_g7_18_png"
		},
		{
			"url": "assets/game/gqji_g7_19.png",
			"type": "image",
			"name": "gqji_g7_19_png"
		},
		{
			"url": "assets/game/gqji_g7_20.png",
			"type": "image",
			"name": "gqji_g7_20_png"
		},
		{
			"url": "assets/game/gqji_g7_22.png",
			"type": "image",
			"name": "gqji_g7_22_png"
		},
		{
			"url": "assets/game/gqji_g7_23.png",
			"type": "image",
			"name": "gqji_g7_23_png"
		},
		{
			"url": "assets/game/gqji_g7_21.png",
			"type": "image",
			"name": "gqji_g7_21_png"
		},
		{
			"url": "assets/game/gqji_g7_24.png",
			"type": "image",
			"name": "gqji_g7_24_png"
		},
		{
			"url": "assets/game/gqji_g7_25.png",
			"type": "image",
			"name": "gqji_g7_25_png"
		},
		{
			"url": "assets/game/gqji_g7_26.png",
			"type": "image",
			"name": "gqji_g7_26_png"
		},
		{
			"url": "assets/game/gqji_g7_28.png",
			"type": "image",
			"name": "gqji_g7_28_png"
		},
		{
			"url": "assets/game/gqji_g7_27.png",
			"type": "image",
			"name": "gqji_g7_27_png"
		},
		{
			"url": "assets/game/gqji_g7_29.png",
			"type": "image",
			"name": "gqji_g7_29_png"
		},
		{
			"url": "assets/game/gqji_g7_31.png",
			"type": "image",
			"name": "gqji_g7_31_png"
		},
		{
			"url": "assets/game/gqji_g7_30.png",
			"type": "image",
			"name": "gqji_g7_30_png"
		},
		{
			"url": "assets/game/gqji_g7_32.png",
			"type": "image",
			"name": "gqji_g7_32_png"
		},
		{
			"url": "assets/game/gqji_g7_33.png",
			"type": "image",
			"name": "gqji_g7_33_png"
		},
		{
			"url": "assets/game/gqji_g7_34.png",
			"type": "image",
			"name": "gqji_g7_34_png"
		},
		{
			"url": "assets/game/gqji_g7_35.png",
			"type": "image",
			"name": "gqji_g7_35_png"
		},
		{
			"url": "assets/game/gqji_g7_36.png",
			"type": "image",
			"name": "gqji_g7_36_png"
		},
		{
			"url": "assets/game/gqji_g7_37.png",
			"type": "image",
			"name": "gqji_g7_37_png"
		},
		{
			"url": "assets/game/gqji_g7_38.png",
			"type": "image",
			"name": "gqji_g7_38_png"
		},
		{
			"url": "assets/game/gqji_g7_39.png",
			"type": "image",
			"name": "gqji_g7_39_png"
		},
		{
			"url": "assets/game/gqji_g7_40.png",
			"type": "image",
			"name": "gqji_g7_40_png"
		},
		{
			"url": "assets/game/gqji_g7_41.png",
			"type": "image",
			"name": "gqji_g7_41_png"
		},
		{
			"url": "assets/game/gqji_g7_42.png",
			"type": "image",
			"name": "gqji_g7_42_png"
		},
		{
			"url": "assets/game/gqji_g7_43.png",
			"type": "image",
			"name": "gqji_g7_43_png"
		},
		{
			"url": "assets/game/gqji_g7_45.png",
			"type": "image",
			"name": "gqji_g7_45_png"
		},
		{
			"url": "assets/game/gqji_g7_44.png",
			"type": "image",
			"name": "gqji_g7_44_png"
		}
	]
}