{
  "Layouts": {
    "4": [
      {
        "horizontalCenter": -140,
        "verticalCenter": -140
      },
      {
        "horizontalCenter": 140,
        "verticalCenter": -140
      },
      {
        "horizontalCenter": -140,
        "verticalCenter": 140
      },
      {
        "horizontalCenter": 140,
        "verticalCenter": 140
      }
    ],
    "5": [
      {
        "horizontalCenter": 0,
        "verticalCenter": -140
      },
      {
        "horizontalCenter": -140,
        "verticalCenter": 0
      },
      {
        "horizontalCenter": 140,
        "verticalCenter": 0
      },
      {
        "horizontalCenter": -80,
        "verticalCenter": 140
      },
      {
        "horizontalCenter": 80,
        "verticalCenter": 140
      }
    ],
    "6": [
      {
        "horizontalCenter": -80,
        "verticalCenter": -140
      },
      {
        "horizontalCenter": 80,
        "verticalCenter": -140
      },
      {
        "horizontalCenter": -140,
        "verticalCenter": 0
      },
      {
        "horizontalCenter": 140,
        "verticalCenter": 0
      },
      {
        "horizontalCenter": -80,
        "verticalCenter": 140
      },
      {
        "horizontalCenter": 80,
        "verticalCenter": 140
      }
    ]
  },
  "Cards": [
    {
      "Source": "mfccc_card1.png",
      "Desc": "卡片1"
    },
    {
      "Source": "mfccc_card2.png",
      "Desc": "卡片2"
    },
    {
      "Source": "mfccc_card3.png",
      "Desc": "卡片3"
    },
    {
      "Source": "mfccc_card4.png",
      "Desc": "卡片4"
    },
    {
      "Source": "mfccc_card5.png",
      "Desc": "卡片5"
    },
    {
      "Source": "mfccc_card6.png",
      "Desc": "卡片6"
    },
    {
      "Source": "mfccc_card7.png",
      "Desc": "卡片7"
    },
    {
      "Source": "mfccc_card8.png",
      "Desc": "卡片8"
    },
    {
      "Source": "mfccc_card9.png",
      "Desc": "卡片9"
    },
    {
      "Source": "mfccc_card10.png",
      "Desc": "卡片10"
    },
    {
      "Source": "mfccc_card11.png",
      "Desc": "卡片11"
    },
    {
      "Source": "mfccc_card12.png",
      "Desc": "卡片12"
    },
    {
      "Source": "mfccc_card13.png",
      "Desc": "卡片13"
    },
    {
      "Source": "mfccc_card14.png",
      "Desc": "卡片14"
    },
    {
      "Source": "mfccc_card15.png",
      "Desc": "卡片15"
    }
  ]
}
